[
  {"pic":"../assets/upload/building_10.jpg","href":"#","text":"绿地·中央文化城refresh","addr":"海口","intro":"绿地·中央文化城位于海口市西海岸新区，由世界500强由世界500强由世界500强由世界500强由世界500强由世界500强由世界500强由世界500强","price":"7200元/m2"},
  {"pic":"../assets/upload/building_10.jpg","href":"#","text":"绿地·中央文化城refresh","addr":"海口","intro":"绿地·中央文化城位于海口市西海岸新区，由世界500强由世界500强由世界500强由世界500强由世界500强由世界500强由世界500强由世界500强","price":"7200元/m2"},
  {"pic":"../assets/upload/building_10.jpg","href":"#","text":"绿地·中央文化城refresh","addr":"海口","intro":"绿地·中央文化城位于海口市西海岸新区，由世界500强由世界500强由世界500强由世界500强由世界500强由世界500强由世界500强由世界500强","price":"7200元/m2"},
  {"pic":"../assets/upload/building_10.jpg","href":"#","text":"绿地·中央文化城refresh","addr":"海口","intro":"绿地·中央文化城位于海口市西海岸新区，由世界500强由世界500强由世界500强由世界500强由世界500强由世界500强由世界500强由世界500强","price":"7200元/m2"}
]