[
  {"pid":"343","pic":"../assets/upload/fruit_4.jpg","text":"2015夏限售身弹力九分裤牛仔裤女个性做旧9分裤薄款简约小脚裤2015夏限售身弹力九分裤牛仔裤女个性做旧9分裤薄款简约小脚裤2015夏限售身弹力九分裤牛仔裤女个性做旧9分裤薄款简约小脚裤","spec":"颜色分类浅蓝;尺寸:27","price":"1237.23","num":"1"},
  {"pid":"575","pic":"../assets/upload/fruit_4.jpg","text":"2015夏限售身弹力九分裤牛仔裤女个性做旧9分裤薄款简约小脚裤2015夏限售身弹力九分裤牛仔裤女个性做旧9分裤薄款简约小脚裤2015夏限售身弹力九分裤牛仔裤女个性做旧9分裤薄款简约小脚裤","spec":"颜色分类浅蓝;尺寸:27","price":"1237.23","num":"1"},
  {"pid":"57","pic":"../assets/upload/fruit_4.jpg","text":"2015夏限售身弹力九分裤牛仔裤女个性做旧9分裤薄款简约小脚裤2015夏限售身弹力九分裤牛仔裤女个性做旧9分裤薄款简约小脚裤2015夏限售身弹力九分裤牛仔裤女个性做旧9分裤薄款简约小脚裤","spec":"颜色分类浅蓝;尺寸:27","price":"1237.23","num":"1"},
  {"pid":"3435","pic":"../assets/upload/fruit_4.jpg","text":"2015夏限售身弹力九分裤牛仔裤女个性做旧9分裤薄款简约小脚裤2015夏限售身弹力九分裤牛仔裤女个性做旧9分裤薄款简约小脚裤2015夏限售身弹力九分裤牛仔裤女个性做旧9分裤薄款简约小脚裤","spec":"颜色分类浅蓝;尺寸:27","price":"1237.23","num":"1"}
]