[
  {"pic":"../assets/img/avatar_default.png","href":"#","uname":"天涯海角","text":"合适就买，不合适就不买。","time":"2015-06-02 17:12:42","star":"2","replyState":0,"replyTxt":"这个商品正在做活动，价格优惠，机不可失，现在是运费免费！"},
  {"pic":"../assets/img/avatar_default.png","href":"#","uname":"天涯海角","text":"合适就买，不合适就不买。","time":"2015-06-02 17:12:42","star":"2"},
  {"pic":"../assets/img/avatar_default.png","href":"#","uname":"天涯海角","text":"合适就买，不合适就不买。","time":"2015-06-02 17:12:42","star":"2"},
  {"pic":"../assets/img/avatar_default.png","href":"#","uname":"天涯海角","text":"合适就买，不合适就不买。","time":"2015-06-02 17:12:42","star":"2"}
]